/* ------------------------------------------------------------------------ */
/*  Base de datos para el Sistema de Monitoreo del Estado de Salud de       */
/*  Pacientes COVID-19 en Hospitales                                        */
/*  Autor: Iliac Huerta Trujillo			      		    */
/*  Creado : 28-Sep-2020 04:15:34 p.m. 				    	    */
/*  DBMS   : MySql 							    */
/* ------------------------------------------------------------------------ */

/*--Borrar tablas*/
TRUNCATE TABLE MH_MENU_OPCION;
TRUNCATE TABLE MH_ROL_MENU;
TRUNCATE TABLE MH_USUARIO_ROL;
TRUNCATE TABLE MH_BITACORA;
TRUNCATE TABLE MH_HOSPITAL_MEDICO;
TRUNCATE TABLE MH_PACIENTE_MEDICO;
TRUNCATE TABLE MH_ANTECEDENTES;
DELETE FROM MH_PACIENTE;
DELETE FROM MH_MEDICO;
DELETE FROM MH_USUARIO;
DELETE FROM MH_PERSONA;
DELETE FROM MH_GENERO;

DELETE FROM MH_OPCION;
DELETE FROM MH_MENU;
DELETE FROM MH_ROL;
DELETE FROM MH_ESTADOPACIENTE;

/*--- Definiciones de Roles*/
INSERT INTO MH_ROL (ID_ROL, DESCRIPCION) VALUES (1,'ADMINISTRADOR');
INSERT INTO MH_ROL (ID_ROL, DESCRIPCION) VALUES (2,'APOYO');
INSERT INTO MH_ROL (ID_ROL, DESCRIPCION) VALUES (3,'MEDICO');
INSERT INTO MH_ROL (ID_ROL, DESCRIPCION) VALUES (4,'PACIENTE');
INSERT INTO MH_ROL (ID_ROL, DESCRIPCION) VALUES (5,'ADMON_HOSPITAL');

/* -- Definición de estado de paciente-- */
INSERT INTO MH_ESTADOPACIENTE (ID_ESTADOPACIENTE, DESCRIPCION) VALUES(1, 'Estable');
INSERT INTO MH_ESTADOPACIENTE (ID_ESTADOPACIENTE, DESCRIPCION) VALUES(2, 'Grave');


/*---- Definiciones de menus*/
INSERT INTO MH_MENU (ID_MENU, DESCRIPCION, RUTA_ICONO, POSICION) VALUES (1,'General','fa fa-cog',999);
INSERT INTO MH_MENU (ID_MENU, DESCRIPCION, RUTA_ICONO, POSICION) VALUES (2,'Administrador','fas fa-user-ninja',1);
INSERT INTO MH_MENU (ID_MENU, DESCRIPCION, RUTA_ICONO, POSICION) VALUES (3,'Médico','fas fa-user-md',2);
INSERT INTO MH_MENU (ID_MENU, DESCRIPCION, RUTA_ICONO, POSICION) VALUES (4,'Paciente','fas fa-bed',2);

/*-- Definición de Opciones*/
Insert into MH_OPCION (ID_OPCION, DESCRIPCION, RUTA_ICONO, ACCION) Values (1, 'Salir', 'ui-icon-close', '#{sesionMB.cerrarSesion}');
Insert into MH_OPCION (ID_OPCION, DESCRIPCION, RUTA_ICONO, ACCION) Values (2, 'Gestión Usuarios', 'fas fa-id-card', '/faces/facelets/admon/gestionUsuarios.xhtml');
Insert into MH_OPCION (ID_OPCION, DESCRIPCION, RUTA_ICONO, ACCION) Values (3, 'Gestión Hospital', 'fas fa-hospital', '/faces/facelets/admon/gestionHospital.xhtml');
Insert into MH_OPCION (ID_OPCION, DESCRIPCION, RUTA_ICONO, ACCION) Values (4, 'Pacientes', 'fas fa-procedures', '/faces/facelets/medico/listaPacientesMedico.xhtml');
Insert into MH_OPCION (ID_OPCION, DESCRIPCION, RUTA_ICONO, ACCION) Values (5, 'Lista Medicos', 'fas fa-user-md', '/faces/facelets/admon/listaMedicos.xhtml');
Insert into MH_OPCION (ID_OPCION, DESCRIPCION, RUTA_ICONO, ACCION) Values (6, 'Mis Datos', 'pi pi-id-card', '/faces/facelets/paciente/inicioPaciente.xhtml');
Insert into MH_OPCION (ID_OPCION, DESCRIPCION, RUTA_ICONO, ACCION) Values (7, 'Valores de Referencia', 'pi pi-sliders-h', '/faces/facelets/admon/valoresReferencia.xhtml');
Insert into MH_OPCION (ID_OPCION, DESCRIPCION, RUTA_ICONO, ACCION) Values (8, 'Gestion Dispositivos', 'fa fa-hdd-o', '/faces/facelets/admon/gestionDispositivos.xhtml');

/*--Asociación de Rol con Menu*/
INSERT INTO MH_ROL_MENU (ID_MENU, ID_ROL) VALUES (1,1); /*--Todos los roles tienen el menú general*/
INSERT INTO MH_ROL_MENU (ID_MENU, ID_ROL) VALUES (2,1);
INSERT INTO MH_ROL_MENU (ID_MENU, ID_ROL) VALUES (1,2);
INSERT INTO MH_ROL_MENU (ID_MENU, ID_ROL) VALUES (1,3);
INSERT INTO MH_ROL_MENU (ID_MENU, ID_ROL) VALUES (1,4);
INSERT INTO MH_ROL_MENU (ID_MENU, ID_ROL) VALUES (1,5);
INSERT INTO MH_ROL_MENU (ID_MENU, ID_ROL) VALUES (3,3);
INSERT INTO MH_ROL_MENU (ID_MENU, ID_ROL) VALUES (4,4);


/*Definición de opciones para cada menú*/
INSERT INTO MH_MENU_OPCION (ID_MENU_OPCION,ID_MENU,ID_OPCION,ID_SUB_MENU,POSICION) VALUES (1,1,1,null,999);
INSERT INTO MH_MENU_OPCION (ID_MENU_OPCION,ID_MENU,ID_OPCION,ID_SUB_MENU,POSICION) VALUES (2,2,2,null,2);
INSERT INTO MH_MENU_OPCION (ID_MENU_OPCION,ID_MENU,ID_OPCION,ID_SUB_MENU,POSICION) VALUES (3,2,3,null,1);
INSERT INTO MH_MENU_OPCION (ID_MENU_OPCION,ID_MENU,ID_OPCION,ID_SUB_MENU,POSICION) VALUES (4,3,4,null,1);
INSERT INTO MH_MENU_OPCION (ID_MENU_OPCION,ID_MENU,ID_OPCION,ID_SUB_MENU,POSICION) VALUES (5,2,5,null,3);
INSERT INTO MH_MENU_OPCION (ID_MENU_OPCION,ID_MENU,ID_OPCION,ID_SUB_MENU,POSICION) VALUES (6,4,6,null,3);
INSERT INTO MH_MENU_OPCION (ID_MENU_OPCION,ID_MENU,ID_OPCION,ID_SUB_MENU,POSICION) VALUES (7,2,7,null,4);
INSERT INTO MH_MENU_OPCION (ID_MENU_OPCION,ID_MENU,ID_OPCION,ID_SUB_MENU,POSICION) VALUES (8,2,8,null,5);

/*--- Definición catálogo de géneros*/
INSERT INTO MH_GENERO (ID_GENERO,DESCRIPCION) VALUES(1,'FEMENINO');
INSERT INTO MH_GENERO (ID_GENERO,DESCRIPCION) VALUES(2,'MASCULINO');
INSERT INTO MH_GENERO (ID_GENERO,DESCRIPCION) VALUES(3,'N/E');


/*-- Persona inicial*/
INSERT INTO MH_PERSONA (ID_PERSONA,ID_GENERO,NOMBRE,PRIMER_APELLIDO,SEGUNDO_APELLIDO,CURP) VALUES (1,3,'JHON','DOE','DOE','JDD80202020');
INSERT INTO MH_PERSONA (ID_PERSONA,ID_GENERO,NOMBRE,PRIMER_APELLIDO,SEGUNDO_APELLIDO,CURP) VALUES (2,2,'ILIAC','HUERTA','TRUJILLO','HUTI070707');


/*-- Usuario */
INSERT INTO MH_USUARIO (ID_USUARIO,CONTRASENIA,ACTIVO,ID_PERSONA) VALUES ('johndoe','johndoe',TRUE,1);
INSERT INTO MH_USUARIO (ID_USUARIO,CONTRASENIA,ACTIVO,ID_PERSONA) VALUES ('ihuerta','ihuerta123',TRUE,2);


/*---usuario rol*/

INSERT INTO MH_USUARIO_ROL (ID_USUARIO,ID_ROL) VALUES ('johndoe',1);
INSERT INTO MH_USUARIO_ROL (ID_USUARIO,ID_ROL) VALUES ('ihuerta',1);
INSERT INTO MH_USUARIO_ROL (ID_USUARIO,ID_ROL) VALUES ('ihuerta',2);
INSERT INTO MH_USUARIO_ROL (ID_USUARIO,ID_ROL) VALUES ('ihuerta',5);

#Valores de referencia
insert into MH_VALORES_REFERENCIA (SAT_OXIGENO_MIN,SAT_OXIGENO_MAX,TEMPERATURA_MIN,TEMPERATURA_MAX,CAPNOGRAFIA_MIN,CAPNOGRAFIA_MAX,
FREC_CARDIACA_MIN,FREC_CARDIACA_MAX,FREC_RESPIRATORIA_MIN,FREC_RESPIRATORIA_MAX,ID_VALREF,PRE_ART_SISTOLICA_MIN,PRE_ART_SISTOLICA_MAX,PRE_ART_DIASTOLICA_MIN,PRE_ART_DIASTOLICA_MAX)
values(95.0,100.0,34.2,40.0,123,123,60,100,12,18,1,90,120,60,80);


commit;
